"Count","Tradelist Count","Name","Edition","Condition","Language","Foil","Tags","Last Modified","Collector Number","Alter","Proxy","Purchase Price"
"1","1","Abrade","vow","Near Mint","English","","","2023-10-30 08:51:34.030000","139","False","False",""
"1","1","Abundant Harvest","mh2","Near Mint","English","","","2023-10-29 13:21:10.073000","354","False","False",""
"1","1","Aether Chaser","aer","Near Mint","English","","","2023-10-30 08:34:10.677000","76","False","False",""
"1","1","Aethersnipe","uma","Near Mint","English","","","2023-11-08 20:10:02.740000","44","False","False",""
"1","1","Ainok Bond-Kin","ima","Near Mint","English","","","2023-11-06 11:50:43.843000","4","False","False",""
"1","1","Alabaster Host Intercessor","mom","Near Mint","English","","","2023-11-06 10:53:45.240000","3","False","False",""
"1","1","Ambitious Assault","neo","Near Mint","English","","","2023-10-30 08:52:37.173000","133","False","False",""
"1","1","Ancestral Blade","m20","Near Mint","English","","","2023-11-06 11:55:28.897000","3","False","False",""
"1","1","Angelic Intervention","mom","Near Mint","English","","","2023-11-06 10:54:01.413000","5","False","False",""
"1","1","Annoyed Altisaur","cmr","Near Mint","English","","","2023-10-29 13:12:49.893000","216","False","False",""
"1","1","Archaeomancer","m14","Near Mint","English","","","2023-10-17 13:12:47.320000","43","False","False",""
"1","1","Ardent Elementalist","mid","Near Mint","English","","","2023-10-30 08:50:23.500000","128","False","False",""
"1","1","Ardenvale Tactician // Dizzying Swoop","eld","Near Mint","English","","","2023-11-06 11:56:50.143000","5","False","False",""
"1","1","Armadillo Cloak","inv","Near Mint","English","","","2023-11-08 19:41:47.657000","229","False","False",""
"1","1","Arms of Hadar","clb","Near Mint","English","","","2023-11-02 12:21:35.203000","113","False","False",""
"1","1","Ash Barrens","cmm","Near Mint","English","","","2023-10-29 13:00:26.413000","419","False","False",""
"1","1","Ashes to Ashes","4bb","Near Mint","English","","","2023-11-08 19:42:56.190000","119","False","False",""
"1","1","Attended Knight","mm3","Near Mint","English","","","2023-10-17 13:10:33.940000","1","False","False",""
"1","1","Augury Raven","khm","Near Mint","English","","","2023-11-06 12:02:45.803000","44","False","False",""
"1","1","Azorius Chancery","c18","Near Mint","English","","","2023-10-29 13:39:32.343000","233","False","False",""
"1","1","Bannerhide Krushok","mh2","Near Mint","English","","","2023-10-30 08:48:23.190000","149","False","False",""
"1","1","Barbed Batterfist","one","Near Mint","English","","","2023-10-30 09:01:50.997000","121","False","False",""
"1","1","Basilica Screecher","gtc","Near Mint","English","","","2023-11-06 11:07:57.270000","58","False","False",""
"1","1","Basilisk Gate","clb","Near Mint","English","","","2023-11-02 12:22:42.180000","346","False","False",""
"1","1","Basri's Acolyte","m21","Near Mint","English","","","2023-11-06 11:58:53.050000","8","False","False",""
"1","1","Battle Screech","onc","Near Mint","English","","","2023-11-06 10:53:28.083000","59","False","False",""
"1","1","Bayou Groff","stx","Near Mint","English","","","2023-10-30 08:47:09.947000","121","False","False",""
"1","1","Beetleback Chief","ddn","Near Mint","English","","","2023-10-30 09:06:54.337000","14","False","False",""
"1","1","Behold the Multiverse","khm","Near Mint","English","","","2023-11-06 12:03:02.860000","46","False","False",""
"1","1","Bind the Monster","khm","Near Mint","English","","","2023-11-06 10:58:21.673000","48","False","False",""
"1","1","Black Dragon Gate","clb","Near Mint","English","","","2023-11-02 12:23:11.687000","347","False","False",""
"1","1","Blessed Hippogriff // Tyr's Blessing","clb","Near Mint","English","","","2023-11-06 11:06:48.017000","11","False","False",""
"1","1","Blood Fountain","vow","Near Mint","German","","","2023-11-06 21:10:03.110000","95","False","False","0.15"
"1","1","Bloodwater Entity","2x2","Near Mint","English","","","2023-10-29 12:48:52.190000","185","False","False",""
"1","1","Bloom Hulk","war","Near Mint","English","","","2023-10-30 08:40:12.477000","154","False","False",""
"1","1","Body Dropper","snc","Near Mint","English","","","2023-10-29 13:24:09.803000","168","False","False",""
"1","1","Bogardan Dragonheart","mh1","Near Mint","English","","","2023-10-30 08:41:40.213000","120","False","False",""
"1","1","Bonder's Ornament","c20","Near Mint","English","","","2023-11-08 20:10:39.823000","67","False","False",""
"1","1","Bone Picker","2xm","Near Mint","English","","","2023-11-08 20:11:00.510000","78","False","False",""
"1","1","Bonesplitter","mrd","Near Mint","English","","","2023-11-08 19:59:14.117000","146","False","False",""
"1","1","Borderland Marauder","m15","Near Mint","English","","","2023-10-30 08:32:02.857000","131","False","False",""
"1","1","Boros Garrison","c20","Near Mint","English","","","2023-10-29 13:14:32.920000","260","False","False",""
"1","1","Borrowed Grace","emn","Near Mint","English","","","2023-11-06 11:47:23.187000","14","False","False",""
"1","1","Botanical Plaza","snc","Near Mint","English","","","2023-10-29 13:24:40.400000","247","False","False",""
"1","1","Bound in Gold","khm","Near Mint","English","","","2023-11-06 12:02:21.210000","5","False","False",""
"1","1","Branching Bolt","ala","Near Mint","English","","","2023-11-08 19:44:09.900000","158","False","False",""
"1","1","Bubble Snare","znr","Near Mint","English","","","2023-11-06 12:00:13.667000","47","False","False",""
"1","1","Burning-Tree Emissary","2x2","Near Mint","English","","","2023-10-29 12:51:27.020000","189","False","False",""
"1","1","Burst Lightning","zen","Near Mint","English","","","2023-11-08 20:02:12.400000","119","False","False",""
"1","1","Callous Dismissal","war","Near Mint","English","","","2023-11-06 11:54:04.070000","44","False","False",""
"1","1","Candy Grapple","woe","Near Mint","English","","","2023-11-08 20:14:55.167000","83","False","False",""
"1","1","Candy Trail","woe","Near Mint","English","","","2023-10-29 13:10:52.353000","243","False","False",""
"1","1","Capsize","tmp","Near Mint","English","","","2023-10-17 13:18:07.803000","55","False","False",""
"1","1","Captured by Lagacs","mh2","Near Mint","English","","","2023-10-29 13:19:46.317000","188","False","False",""
"1","1","Carrier Thrall","bfz","Near Mint","English","","","2023-11-06 11:09:28.897000","106","False","False",""
"1","1","Carrion Feeder","ema","Near Mint","English","","","2023-11-08 20:06:02.833000","84","False","False",""
"1","1","Cartouche of Solidarity","akh","Near Mint","English","","","2023-11-15 16:22:19.980000","7","False","False",""
"1","1","Cartouche of Strength","akh","Near Mint","English","","","2023-11-16 17:50:51.967000","158","False","False",""
"1","1","Cast Down","clb","Near Mint","English","","","2023-11-15 16:24:05.110000","119","False","False",""
"1","1","Cathar Commando","mid","Near Mint","English","","","2023-11-06 11:02:46.230000","10","False","False",""
"1","1","Cave of Temptation","mh1","Near Mint","English","","","2023-10-29 13:41:17.313000","237","False","False",""
"1","1","Cavern Harpy","pls","Near Mint","English","","","2023-10-29 13:15:14.327000","97","False","False",""
"1","1","Chain Lightning","dmr","Near Mint","English","","","2023-10-30 09:01:03.043000","113","False","False",""
"1","1","Chainer's Edict","dmr","Near Mint","English","","","2023-11-02 12:31:22.567000","78","False","False",""
"1","1","Chimney Rabble","one","Near Mint","English","","","2023-10-30 09:02:16.457000","126","False","False",""
"1","1","Citadel Gate","clb","Near Mint","English","","","2023-11-02 12:23:31.880000","349","False","False",""
"1","1","Clear Shot","mid","Near Mint","English","","","2023-10-29 13:21:57.970000","176","False","False",""
"1","1","Cliffgate","clb","Near Mint","English","foil","","2023-10-29 13:45:52.060000","350","False","False",""
"1","1","Cloudkin Seer","m20","Near Mint","English","","","2023-10-17 13:08:35.353000","54","False","False",""
"1","1","Coalition Honor Guard","ema","Near Mint","English","","","2023-10-17 13:08:01.203000","6","False","False",""
"1","1","Cogwork Librarian","cns","Near Mint","English","","","2023-10-29 13:34:32.800000","58","False","False",""
"1","1","Coiling Oracle","ddo","Near Mint","English","","","2023-10-29 13:33:30.223000","51","False","False",""
"1","1","Colossal Might","arb","Near Mint","English","foil","","2023-11-08 20:00:36.757000","51","False","False",""
"1","1","Combat Professor","stx","Near Mint","English","","","2023-11-06 10:59:48.057000","11","False","False",""
"1","1","Compulsive Research","e01","Near Mint","English","","","2023-11-06 11:49:32.347000","23","False","False",""
"1","1","Conclave Naturalists","2xm","Near Mint","English","","","2023-10-29 13:44:44.147000","160","False","False",""
"1","1","Condescend","ima","Near Mint","English","","","2023-11-16 17:51:28.290000","46","False","False",""
"1","1","Consider","woc","Near Mint","English","","","2023-11-06 10:58:02.853000","87","False","False",""
"1","1","Contagious Vorrac","one","Near Mint","English","","","2023-10-30 09:02:38.203000","164","False","False",""
"1","1","Contaminated Aquifer","dmu","Near Mint","English","","","2023-11-08 20:14:11.757000","245","False","False",""
"1","1","Cooped Up","woe","Near Mint","English","","","2023-11-06 10:55:42.947000","8","False","False",""
"1","1","Counterspell","dmr","Near Mint","English","","","2023-11-16 17:48:21.203000","45","False","False",""
"1","1","Cruel Witness","vow","Near Mint","English","","","2023-11-06 11:04:11.130000","55","False","False",""
"1","1","Crypt Rats","j22","Near Mint","English","","","2023-11-02 12:29:23.483000","392","False","False",""
"1","1","Crystal Grotto","woe","Near Mint","English","","","2023-10-29 13:11:13.233000","254","False","False",""
"1","1","Custodi Squire","voc","Near Mint","English","","","2023-11-06 11:05:13.013000","83","False","False",""
"1","1","Dark-Dweller Oracle","2x2","Near Mint","English","","","2023-10-30 08:58:50.223000","106","False","False",""
"1","1","Dauntless Unity","znr","Near Mint","English","","","2023-11-06 11:59:53.600000","9","False","False",""
"1","1","Dead Weight","isd","Near Mint","English","","","2023-10-30 08:29:48.500000","96","False","False",""
"1","1","Death Denied","mm2","Near Mint","English","","","2023-10-30 08:42:46.437000","76","False","False",""
"1","1","Deep Analysis","dmr","Near Mint","German","","","2023-11-06 21:08:39.833000","46","False","False","0.12"
"1","1","Deepwood Denizen","mh2","Near Mint","English","","","2023-10-30 08:48:42.820000","155","False","False",""
"1","1","Defile","mh1","Near Mint","English","","","2023-10-30 08:40:34.993000","86","False","False",""
"1","1","Deftblade Elite","lgn","Near Mint","English","","","2023-11-16 17:49:27.133000","12","False","False",""
"1","1","Desecrator Hag","eve","Near Mint","English","","","2023-10-29 13:30:21.153000","119","False","False",""
"1","1","Dimir Aqueduct","znc","Near Mint","English","","","2023-10-29 13:13:41.593000","126","False","False",""
"1","1","Dimir Guildmage","gk1","Near Mint","English","","","2023-10-29 13:41:42.047000","13","False","False",""
"1","1","Dinrova Horror","gtc","Near Mint","English","","","2023-10-29 13:31:39.450000","155","False","False",""
"1","1","Diregraf Horde","mid","Near Mint","English","","","2023-10-30 08:50:00.347000","96","False","False",""
"1","1","Disfigure","bro","Near Mint","English","","","2023-10-30 08:59:55.573000","91","False","False",""
"1","1","Displace","emn","Near Mint","English","","","2023-11-06 11:47:39.413000","55","False","False",""
"1","1","Doomed Dissenter","akh","Near Mint","English","","","2023-11-06 11:48:17.137000","87","False","False",""
"1","1","Doomed Traveler","e01","Near Mint","English","","","2023-11-06 11:48:50.700000","4","False","False",""
"1","1","Dread Linnorm // Scale Deflection","clb","Near Mint","English","","","2023-10-29 13:26:39.713000","225","False","False",""
"1","1","Dread Return","dmr","Near Mint","English","","","2023-11-02 12:31:42.160000","80","False","False",""
"1","1","Dreg Mangler","2x2","Near Mint","English","","","2023-10-29 12:51:01.817000","204","False","False",""
"1","1","Drown in Sorrow","2xm","Near Mint","English","","","2023-11-02 12:16:09.037000","91","False","False",""
"1","1","Dunland Crebain","ltr","Near Mint","English","","","2023-10-30 09:03:19.527000","82","False","False",""
"1","1","Dusk Legion Zealot","a25","Near Mint","English","","","2023-11-08 20:09:05.820000","89","False","False",""
"1","1","Ecstatic Awakener // Awoken Demon","mid","Near Mint","English","","","2023-11-06 11:03:43.813000","100","False","False",""
"1","1","Edge of Autumn","tsr","Near Mint","English","","","2023-10-29 13:16:10.527000","201","False","False",""
"1","1","Eldrazi Skyspawner","bfz","Near Mint","English","","","2023-11-06 11:09:44.380000","58","False","False",""
"1","1","Elephant Guide","ema","Near Mint","English","","","2023-11-08 20:06:29.207000","163","False","False",""
"1","1","Elite Vanguard","m12","Near Mint","English","","","2023-11-08 20:05:41.273000","15","False","False",""
"1","1","Elvish Mystic","m15","Near Mint","English","","","2023-11-15 16:23:18.240000","173","False","False",""
"1","1","Ephemerate","mh1","Near Mint","English","","","2023-11-08 20:10:18.750000","7","False","False",""
"1","1","Evolving Wilds","bro","Near Mint","English","","","2023-10-29 12:56:49.533000","261","False","False",""
"1","1","Exclude","mh1","Near Mint","English","","","2023-11-06 11:54:24.337000","48","False","False",""
"1","1","Experiment One","2x2","Near Mint","English","","","2023-11-02 12:27:25.593000","146","False","False",""
"1","1","Faceless Butcher","dmr","Near Mint","English","","","2023-10-30 09:10:20.623000","84","False","False",""
"1","1","Faerie Duelist","rna","Near Mint","English","","","2023-11-06 11:53:24.920000","39","False","False",""
"1","1","Faerie Guidemother // Gift of the Fae","eld","Near Mint","English","","","2023-11-06 11:57:06.590000","11","False","False",""
"1","1","Faerie Seer","woc","Near Mint","English","","","2023-11-06 10:56:52.410000","92","False","False",""
"1","1","Faithless Looting","ltc","Near Mint","English","","","2023-11-02 12:35:07.143000","215","False","False",""
"1","1","Faith's Fetters","m21","Near Mint","English","","","2023-11-06 11:57:52.867000","17","False","False",""
"1","1","Falkenrath Noble","mm3","Near Mint","English","","","2023-10-30 08:34:59.363000","70","False","False",""
"1","1","Famished Foragers","mid","Near Mint","English","","","2023-10-30 08:50:44.363000","138","False","False",""
"1","1","Fanatical Firebrand","j22","Near Mint","English","","","2023-11-02 12:30:24.113000","528","False","False",""
"1","1","Feed the Swarm","who","Near Mint","English","","","2023-10-30 09:05:55.207000","221","False","False",""
"1","1","Feign Death","afr","Near Mint","English","","","2023-11-15 16:21:53.777000","103","False","False",""
"1","1","Fiery Cannonade","cmr","Near Mint","English","","","2023-10-30 08:45:36.660000","178","False","False",""
"1","1","Filigree Familiar","kld","Near Mint","English","","","2023-10-29 13:36:48.490000","212","False","False",""
"1","1","Fire // Ice","dmr","Near Mint","English","","","2023-10-29 12:57:20.177000","215","False","False",""
"1","1","Fireball","dd2","Near Mint","English","","","2023-10-30 09:09:04.080000","56","False","False",""
"1","1","Fireblade Artist","rna","Near Mint","English","","","2023-10-29 13:43:19.943000","172","False","False",""
"1","1","Fireblast","dmr","Near Mint","English","","","2023-11-02 12:32:08.440000","119","False","False",""
"1","1","Firebolt","mh1","Near Mint","English","","","2023-11-02 12:14:24.593000","122","False","False",""
"1","1","Firebrand Archer","hou","Near Mint","English","","","2023-11-08 20:07:33.367000","92","False","False",""
"1","1","Fireslinger","j22","Near Mint","English","","","2023-11-02 12:30:08.410000","130","False","False",""
"1","1","First-Sphere Gargantua","mh1","Near Mint","English","","","2023-11-02 12:15:02.643000","91","False","False",""
"1","1","Flame Slash","ddk","Near Mint","English","","","2023-10-30 08:31:00.040000","60","False","False",""
"1","1","Flayer Husk","mm2","Near Mint","English","","","2023-10-29 13:36:04.693000","214","False","False",""
"1","1","Forbidden Friendship","iko","Near Mint","English","","","2023-10-30 08:43:33.757000","119","False","False",""
"1","1","Frenzied Goblin","m15","Near Mint","English","","","2023-10-30 09:06:26.207000","142","False","False",""
"1","1","Frost Trickster","stx","Near Mint","English","","","2023-11-06 11:00:13.383000","43","False","False",""
"1","1","Fyndhorn Elves","cmr","Near Mint","English","","","2023-11-16 17:52:45.923000","228","False","False",""
"1","1","Gather the Townsfolk","dka","Near Mint","English","","","2023-10-17 13:14:11.710000","8","False","False",""
"1","1","Generous Ent","ltr","Near Mint","English","","","2023-10-29 12:59:02.727000","169","False","False",""
"1","1","Geothermal Bog","dmu","Near Mint","English","","","2023-10-29 12:49:17.557000","247","False","False",""
"1","1","Ghostly Flicker","avr","Near Mint","English","","","2023-11-22 19:23:43.497000","57","False","False",""
"1","1","Giant Growth","bro","Near Mint","English","","","2023-10-29 12:56:18.433000","183","False","False",""
"1","1","Gideon's Lawkeeper","e01","Near Mint","English","","","2023-11-06 11:49:14.377000","11","False","False",""
"1","1","Gingerbrute","woe","Near Mint","English","","","2023-11-06 21:03:31.743000","246","False","False","0.09"
"1","1","Gitaxian Probe","nph","Near Mint","English","","","2023-11-08 20:05:03.373000","35","False","False",""
"1","1","Gixian Infiltrator","bro","Near Mint","English","","","2023-11-06 10:52:39.763000","98","False","False",""
"1","1","Gnarlid Colony","znr","Near Mint","English","","","2023-10-30 08:45:12.097000","185","False","False",""
"1","1","Gnawing Crescendo","woe","Near Mint","English","","","2023-10-30 09:05:02.900000","131","False","False",""
"1","1","Gnoll Hunter","afr","Near Mint","English","","","2023-10-30 08:49:03.210000","185","False","False",""
"1","1","Go for the Throat","bro","Near Mint","English","","","2023-11-08 20:14:35.247000","102","False","False",""
"1","1","Goblin Anarchomancer","mh2","Near Mint","English","","","2023-10-29 13:20:23.340000","200","False","False",""
"1","1","Goblin Electromancer","dds","Near Mint","English","","","2023-10-29 13:37:43.607000","22","False","False",""
"1","1","Goblin Motivator","m19","Near Mint","English","","","2023-10-30 08:38:23.947000","143","False","False",""
"1","1","Gods Willing","m20","Near Mint","English","","","2023-11-06 11:55:52.773000","19","False","False",""
"1","1","Goldmeadow Harrier","lrw","Near Mint","English","","","2023-10-17 13:15:31.040000","17","False","False",""
"1","1","Golgari Rot Farm","2x2","Near Mint","English","","","2023-10-29 12:51:59.623000","324","False","False",""
"1","1","Grapple with the Past","c18","Near Mint","English","","","2023-10-29 13:39:52.507000","148","False","False",""
"1","1","Gravedigger","m10","Near Mint","English","","","2023-10-30 08:28:50.570000","97","False","False",""
"1","1","Gray Merchant of Asphodel","ths","Near Mint","English","","","2023-10-30 08:31:25.197000","89","False","False",""
"1","1","Greater Tanuki","cmm","Near Mint","English","","","2023-10-29 13:00:59.073000","897","False","False",""
"1","1","Greatsword of Tyr","clb","Near Mint","English","","","2023-11-06 11:07:06.763000","22","False","False",""
"1","1","Grim Initiate","war","Near Mint","English","","","2023-10-30 08:39:29.140000","130","False","False",""
"1","1","Growth Spiral","who","Near Mint","English","","","2023-10-29 13:02:03.983000","237","False","False",""
"1","1","Gruul Turf","znc","Near Mint","English","","","2023-10-29 13:14:07.800000","131","False","False",""
"1","1","Guardian Idol","ima","Near Mint","English","","","2023-11-08 20:08:00.230000","216","False","False",""
"1","1","Guardian of the Guildpact","dis","Near Mint","English","","","2023-11-15 16:22:58.577000","10","False","False",""
"1","1","Guildsworn Prowler","clb","Near Mint","English","","","2023-11-06 10:52:03.797000","130","False","False",""
"1","1","Gurmag Angler","frf","Near Mint","German","","","2023-11-08 19:45:24.783000","72","False","False",""
"1","1","Guttersnipe","ltc","Near Mint","English","","","2023-11-02 12:34:10.947000","220","False","False",""
"1","1","Hard Evidence","mh2","Near Mint","English","","","2023-11-06 11:01:09.213000","46","False","False",""
"1","1","Harried Spearguard","woe","Near Mint","English","","","2023-10-30 09:05:19.567000","135","False","False",""
"1","1","Haunted Fengraf","a25","Near Mint","English","","","2023-10-29 13:38:11.850000","240","False","False",""
"1","1","Haunted Mire","dmu","Near Mint","English","","","2023-11-16 17:53:07.697000","248","False","False",""
"1","1","Heliod's Pilgrim","thb","Near Mint","English","","","2023-11-06 11:57:27.030000","20","False","False",""
"1","1","Hissing Iguanar","uma","Near Mint","English","","","2023-10-30 08:38:49.570000","134","False","False",""
"1","1","Hobblefiend","m21","Near Mint","English","","","2023-10-30 08:44:34.397000","152","False","False",""
"1","1","Hooting Mandrills","ktk","Near Mint","English","","","2023-10-29 13:35:15.977000","137","False","False",""
"1","1","Hordeling Outburst","a25","Near Mint","English","","","2023-10-30 08:37:55.093000","134","False","False",""
"1","1","Hunted Witness","grn","Near Mint","English","","","2023-11-06 11:52:29.363000","15","False","False",""
"1","1","Icewind Stalwart","clb","Near Mint","English","","","2023-11-06 10:50:13.537000","27","False","False",""
"1","1","Idyllic Beachfront","dmu","Near Mint","English","","","2023-10-29 12:52:43.310000","249","False","False",""
"1","1","Imperial Oath","neo","Near Mint","English","","","2023-11-06 11:05:31.667000","17","False","False",""
"1","1","Improvised Club","ltr","Near Mint","English","","","2023-10-30 09:03:45.507000","137","False","False",""
"1","1","Impulse","dmr","Near Mint","German","","","2023-11-06 21:10:40.610000","56","False","False","0.12"
"1","1","Incinerate","10e","Near Mint","English","","","2023-10-30 08:28:17.387000","213","False","False",""
"1","1","Infuse with Vitality","stx","Near Mint","English","","","2023-10-29 13:16:52.113000","194","False","False",""
"1","1","Insolent Neonate","soi","Near Mint","English","","","2023-10-30 08:32:58.483000","168","False","False",""
"1","1","Inspiring Overseer","snc","Near Mint","English","","","2023-11-08 19:44:59.613000","18","False","False",""
"1","1","Into the Roil","znr","Near Mint","English","","","2023-11-06 12:00:32.513000","62","False","False",""
"1","1","Iron Apprentice","neo","Near Mint","English","","","2023-11-02 12:20:30.973000","248","False","False",""
"1","1","Izzet Boilerworks","c21","Near Mint","English","","","2023-10-29 13:18:12.920000","294","False","False",""
"1","1","Izzet Charm","2x2","Near Mint","English","","","2023-10-29 12:50:43.393000","230","False","False",""
"1","1","Jackal Pup","a25","Near Mint","English","","","2023-11-16 17:52:21.420000","139","False","False",""
"1","1","Jade Avenger","mh2","Near Mint","English","","","2023-11-02 12:19:49.517000","356","False","False",""
"1","1","Jade Guardian","xln","Near Mint","English","","","2023-10-30 08:36:01.343000","194","False","False",""
"1","1","Jewel Thief","snc","Near Mint","English","","","2023-11-02 12:21:15.620000","151","False","False",""
"1","1","Journey to Nowhere","ddf","Near Mint","English","","","2023-11-22 19:24:09.603000","23","False","False",""
"1","1","Jungleborn Pioneer","rix","Near Mint","English","","","2023-10-30 08:37:04.710000","137","False","False",""
"1","1","Kingpin's Pet","gtc","Near Mint","English","","","2023-10-29 13:15:36.133000","173","False","False",""
"1","1","Knight of the New Coalition","mom","Near Mint","English","","","2023-11-06 10:54:20.720000","25","False","False",""
"1","1","Kor Skyfisher","zen","Near Mint","English","","","2023-11-08 20:01:43.497000","23","False","False",""
"1","1","Krosan Tusker","mh1","Near Mint","English","","","2023-10-29 13:40:09.810000","169","False","False",""
"1","1","Lash of Malice","stx","Near Mint","English","","","2023-10-30 08:46:50.173000","74","False","False",""
"1","1","Lawmage's Binding","jmp","Near Mint","English","","","2023-10-29 13:11:39.400000","453","False","False",""
"1","1","Lazotep Reaver","war","Near Mint","English","","","2023-11-06 11:53:47.297000","96","False","False",""
"1","1","Lead the Stampede","iko","Near Mint","English","","","2023-11-02 12:15:39.267000","163","False","False",""
"1","1","Legion Vanguard","mh2","Near Mint","English","","","2023-10-30 09:09:32.320000","90","False","False",""
"1","1","Leonin Bola","dst","Near Mint","English","","","2023-11-02 12:13:27.437000","127","False","False",""
"1","1","Lightning Bolt","clb","Near Mint","English","","","2023-11-02 12:22:20.083000","187","False","False",""
"1","1","Lightning Strike","m19","Near Mint","English","","","2023-11-08 20:09:46.300000","152","False","False",""
"1","1","Liliana's Specter","m11","Near Mint","English","","","2023-10-30 08:29:14.310000","104","False","False",""
"1","1","Llanowar Visionary","m21","Near Mint","English","","","2023-10-30 08:44:52.593000","193","False","False",""
"1","1","Loathsome Curator","mh2","Near Mint","English","","","2023-10-30 08:47:31.700000","91","False","False",""
"1","1","Looter il-Kor","tsr","Near Mint","English","","","2023-10-17 13:04:42.850000","74","False","False",""
"1","1","Lorehold Campus","stx","Near Mint","English","","","2023-10-29 13:17:10.560000","268","False","False",""
"1","1","Lórien Revealed","ltr","Near Mint","English","","","2023-11-07 06:40:07.890000","60","False","False","0.15"
"1","1","Lose Focus","mh2","Near Mint","English","","","2023-11-06 11:01:24.260000","49","False","False",""
"1","1","Lyev Skyknight","2x2","Near Mint","English","","","2023-10-29 12:50:16.290000","246","False","False",""
"1","1","Mana Leak","2x2","Near Mint","English","","","2023-11-08 20:13:21.290000","58","False","False",""
"1","1","Mana Tithe","tsr","Near Mint","English","","","2023-11-08 20:11:12.490000","26","False","False",""
"1","1","Manor Gate","clb","Near Mint","English","","","2023-11-02 12:23:52.260000","356","False","False",""
"1","1","Man-o'-War","vis","Near Mint","English","","","2023-11-06 12:01:31.517000","37","False","False",""
"1","1","Massive Might","vow","Near Mint","English","","","2023-10-29 13:22:38.477000","208","False","False",""
"1","1","Master's Rebuke","neo","Near Mint","English","foil","","2023-10-29 13:23:09.570000","202","False","False",""
"1","1","Mayhem Patrol","snc","Near Mint","English","","","2023-10-30 08:52:58.943000","114","False","False",""
"1","1","Merfolk Looter","ddt","Near Mint","English","","","2023-11-06 11:50:15.127000","10","False","False",""
"1","1","Militia Bugler","2x2","Near Mint","English","","","2023-11-08 20:13:03.713000","19","False","False",""
"1","1","Mind Stone","dmr","Near Mint","English","","","2023-10-29 12:57:41.843000","232","False","False",""
"1","1","Minimus Containment","afr","Near Mint","English","","","2023-11-06 11:01:57.467000","24","False","False",""
"1","1","Mire Triton","j22","Near Mint","English","","","2023-11-02 12:29:40.503000","443","False","False",""
"1","1","Mirrorshell Crab","neo","Near Mint","English","","","2023-11-06 11:05:47.293000","63","False","False",""
"1","1","Miscalculation","ulg","Near Mint","English","","","2023-10-17 13:17:43.133000","36","False","False",""
"1","1","Mist Raven","khc","Near Mint","English","","","2023-11-06 10:58:41.870000","41","False","False",""
"1","1","Mistral Singer","m21","Near Mint","English","","","2023-11-06 11:59:20.190000","58","False","False",""
"1","1","Mnemonic Wall","ima","Near Mint","English","","","2023-11-06 11:51:03.197000","67","False","False",""
"1","1","Mocking Sprite","woe","Near Mint","English","","","2023-11-06 10:56:03.433000","62","False","False",""
"1","1","Mogg War Marshal","tsr","Near Mint","English","","","2023-11-08 20:11:43.383000","176","False","False",""
"1","1","Mold Folk","clb","Near Mint","English","","","2023-10-30 08:53:17.707000","133","False","False",""
"1","1","Moldervine Cloak","mma","Near Mint","English","","","2023-10-29 13:32:49.457000","155","False","False",""
"1","1","Molten Tributary","dmu","Near Mint","English","","","2023-10-29 12:52:57.120000","251","False","False",""
"1","1","Momentary Blink","tsp","Near Mint","English","","","2023-10-29 13:29:47.787000","29","False","False",""
"1","1","Monastery Swiftspear","bro","Near Mint","English","","","2023-11-02 12:28:40.373000","144","False","False",""
"1","1","Moon-Circuit Hacker","neo","Near Mint","English","","","2023-11-06 11:06:01.627000","67","False","False",""
"1","1","Mother Bear","mh1","Near Mint","English","","","2023-11-02 12:15:24.173000","171","False","False",""
"1","1","Mulldrifter","cmr","Near Mint","English","","","2023-11-15 16:26:44.193000","400","False","False",""
"1","1","Murmuring Mystic","grn","Near Mint","English","","","2023-11-06 11:52:12.787000","45","False","False",""
"1","1","Mutagenic Growth","nph","Near Mint","English","","","2023-11-22 19:24:54.187000","116","False","False",""
"1","1","Nature's Lore","cmm","Near Mint","English","","","2023-10-29 13:01:26.087000","904","False","False",""
"1","1","Nest Invader","roe","Near Mint","English","","","2023-11-08 20:03:00.197000","201","False","False",""
"1","1","Nested Shambler","mh2","Near Mint","English","","","2023-11-06 11:01:39.543000","95","False","False",""
"1","1","Night's Whisper","voc","Near Mint","English","","","2023-10-30 08:52:02.937000","133","False","False",""
"1","1","Ninja of the Deep Hours","c18","Near Mint","English","","","2023-11-22 19:22:34.003000","95","False","False",""
"1","1","Oblivion Ring","ala","Near Mint","English","","","2023-11-08 20:00:08.677000","20","False","False",""
"1","1","Okiba-Gang Shinobi","bok","Near Mint","English","","","2023-10-30 08:27:50.477000","76","False","False",""
"1","1","Oliphaunt","ltr","Near Mint","English","","","2023-11-02 12:33:45.740000","139","False","False",""
"1","1","Opt","woc","Near Mint","English","","","2023-11-06 10:57:19.337000","101","False","False",""
"1","1","Orcish Hellraiser","mh1","Near Mint","English","","","2023-10-30 08:41:59.173000","136","False","False",""
"1","1","Orzhov Basilica","dmc","Near Mint","English","","","2023-10-29 12:54:52.513000","224","False","False",""
"1","1","Owlbear","afr","Near Mint","English","","","2023-10-29 13:21:35.133000","331","False","False",""
"1","1","Palace Sentinels","cmr","Near Mint","English","","","2023-10-17 13:06:16.087000","36","False","False",""
"1","1","Pegasus Guardian // Rescue the Foal","clb","Near Mint","German","","","2023-11-06 21:06:52.140000","36","False","False","0.06"
"1","1","Penumbra Spider","tsr","Near Mint","English","","","2023-11-08 20:11:58.543000","223","False","False",""
"1","1","Peregrine Drake","dmr","Near Mint","English","","","2023-11-16 17:54:05.890000","65","False","False",""
"1","1","Perilous Myr","cmr","Near Mint","English","","","2023-10-29 13:12:28.267000","330","False","False",""
"1","1","Persistent Specimen","vow","Near Mint","English","","","2023-11-06 11:04:37.633000","125","False","False",""
"1","1","Pestermite","j22","Near Mint","English","","","2023-11-16 17:53:30.217000","335","False","False",""
"1","1","Pestilence","4ed","Near Mint","English","","","2023-11-15 16:25:58.423000","152","False","False",""
"1","1","Phantom Nomad","jud","Near Mint","English","","","2023-10-17 13:17:18.903000","17","False","False",""
"1","1","Phantom Tiger","jud","Near Mint","English","","","2023-10-30 08:27:25.923000","129","False","False",""
"1","1","Phyrexian Gargantua","c14","Near Mint","German","","","2023-10-30 09:20:11.523000","154","False","False",""
"1","1","Phyrexian Ghoul","a25","Near Mint","English","","","2023-10-30 08:37:29.453000","100","False","False",""
"1","1","Phyrexian Rager","dmu","Near Mint","German","","","2023-11-06 21:07:33.713000","99","False","False","0.09"
"1","1","Pierce Strider","bbd","Near Mint","English","","","2023-10-29 13:39:10.757000","244","False","False",""
"1","1","Pillory of the Sleepless","gpt","Near Mint","English","","","2023-10-29 13:29:18.030000","125","False","False",""
"1","1","Plagued Rusalka","mm2","Near Mint","English","","","2023-10-17 13:11:36.583000","89","False","False",""
"1","1","Planar Disruption","one","Near Mint","English","","","2023-11-06 10:53:00.707000","28","False","False",""
"1","1","Ponder","lrw","Near Mint","English","","","2023-11-08 19:43:35.063000","79","False","False",""
"1","1","Porcelain Legionnaire","nph","Near Mint","English","","","2023-10-29 13:30:48.473000","19","False","False",""
"1","1","Preening Champion","mom","Near Mint","English","","","2023-11-06 10:54:42.860000","73","False","False",""
"1","1","Preordain","m11","Near Mint","English","","","2023-11-08 20:03:21.813000","70","False","False",""
"1","1","Primal Huntbeast","m13","Near Mint","English","","","2023-10-30 08:30:17.700000","182","False","False",""
"1","1","Prismari Campus","clb","Near Mint","English","","","2023-10-29 13:46:15.197000","909","False","False",""
"1","1","Prismatic Strands","jud","Near Mint","English","","","2023-11-22 19:25:08.367000","18","False","False",""
"1","1","Pristine Talisman","brr","Near Mint","English","","","2023-10-29 12:58:22.783000","43","False","False",""
"1","1","Prizefight","snc","Near Mint","English","","","2023-10-29 13:23:28.057000","154","False","False",""
"1","1","Prophetic Prism","one","Near Mint","English","","","2023-10-29 12:57:58.567000","238","False","False",""
"1","1","Pulse of Murasa","bbd","Near Mint","English","","","2023-10-29 13:38:44.470000","209","False","False",""
"1","1","Putrid Goblin","mh1","Near Mint","English","","","2023-10-30 08:40:57.953000","101","False","False",""
"1","1","Putrid Leech","ddm","Near Mint","English","","","2023-10-29 13:34:57.027000","51","False","False",""
"1","1","Qasali Pridemage","2x2","Near Mint","English","","","2023-10-29 12:49:54.570000","267","False","False",""
"1","1","Quandrix Campus","stx","Near Mint","English","","","2023-10-29 13:17:27.963000","271","False","False",""
"1","1","Quick Study","woe","Near Mint","English","","","2023-11-06 10:56:19.553000","65","False","False",""
"1","1","Quicksand","cns","Near Mint","English","","","2023-10-29 13:34:08.077000","209","False","False",""
"1","1","Racers' Ring","snc","Near Mint","English","","","2023-10-29 13:25:02.540000","253","False","False",""
"1","1","Radiant Grove","dmu","Near Mint","English","","","2023-10-29 12:53:14.303000","253","False","False",""
"1","1","Raffine's Informant","snc","Near Mint","English","","","2023-11-06 11:06:19.977000","26","False","False",""
"1","1","Raid Bombardment","wot","Near Mint","English","","","2023-11-06 21:05:15.793000","47","False","False","0.03"
"1","1","Raise the Alarm","m20","Near Mint","English","","","2023-11-06 11:56:28.703000","34","False","False",""
"1","1","Rakdos Carnarium","c20","Near Mint","English","","","2023-10-29 13:14:50.940000","300","False","False",""
"1","1","Rally at the Hornburg","ltr","Near Mint","English","","","2023-10-30 09:04:03.550000","142","False","False",""
"1","1","Rally the Peasants","isd","Near Mint","English","","","2023-11-16 17:50:15.120000","28","False","False",""
"1","1","Ram Through","iko","Near Mint","English","","","2023-11-02 12:15:55.440000","170","False","False",""
"1","1","Rampant Growth","2x2","Near Mint","English","","","2023-11-02 12:27:50.873000","155","False","False",""
"1","1","Rancor","2x2","Near Mint","English","","","2023-11-02 12:24:45.683000","156","False","False",""
"1","1","Ransack the Lab","mh1","Near Mint","English","","","2023-10-30 08:41:18.957000","103","False","False",""
"1","1","Ratcatcher Trainee // Pest Problem","woe","Near Mint","English","","","2023-10-30 09:05:37.527000","144","False","False",""
"1","1","Realmbreaker's Grasp","mom","Near Mint","English","foil","","2023-11-06 10:55:26.440000","33","False","False",""
"1","1","Reckless Charge","ema","Near Mint","English","","","2023-10-30 08:33:46.650000","144","False","False",""
"1","1","Reckless Impulse","vow","Near Mint","German","","","2023-11-06 21:10:53.127000","174","False","False","0.14"
"1","1","Remove Soul","8ed","Near Mint","English","","","2023-10-17 13:16:55.053000","95","False","False",""
"1","1","Renegade Freighter","kld","Near Mint","English","","","2023-10-29 13:37:13.563000","230","False","False",""
"1","1","Repeal","ima","Near Mint","English","","","2023-11-06 11:51:29.693000","70","False","False",""
"1","1","Rhox Veteran","mh1","Near Mint","English","","","2023-11-06 11:54:39.447000","24","False","False",""
"1","1","Rift Bolt","2x2","Near Mint","English","","","2023-11-02 12:25:15.553000","122","False","False",""
"1","1","Rimrock Knight // Boulder Rush","eld","Near Mint","English","","","2023-10-30 08:42:22.113000","137","False","False",""
"1","1","Roving Harper","clb","Near Mint","English","","","2023-11-06 10:50:32.603000","40","False","False",""
"1","1","Rowan's Grim Search","woe","Near Mint","English","","","2023-10-30 09:04:28.800000","104","False","False",""
"1","1","Rubblebelt Maaka","mm3","Near Mint","English","","","2023-10-30 08:35:22.640000","109","False","False",""
"1","1","Ruthless Ripper","ktk","Near Mint","English","","","2023-11-06 11:08:24.520000","88","False","False",""
"1","1","Sacred Peaks","dmu","Near Mint","English","","","2023-10-29 12:53:33.080000","254","False","False",""
"1","1","Sakura-Tribe Elder","nec","Near Mint","English","","","2023-11-15 16:24:29.717000","128","False","False",""
"1","1","Sandsteppe Outcast","frf","Near Mint","English","","","2023-11-06 11:08:43.227000","25","False","False",""
"1","1","Sarulf's Packmate","khm","Near Mint","English","","","2023-10-30 08:46:15.303000","192","False","False",""
"1","1","Savannah Lions","dmr","Near Mint","German","","","2023-11-06 21:08:03.950000","24","False","False","0.02"
"1","1","Scion Summoner","j22","Near Mint","English","","","2023-10-30 09:00:43.503000","725","False","False",""
"1","1","Scorched Rusalka","mm3","Near Mint","English","","","2023-10-30 08:35:41.530000","110","False","False",""
"1","1","Scrapwork Mutt","bro","Near Mint","English","","","2023-10-29 12:55:58.130000","164","False","False",""
"1","1","Sea Gate","clb","Near Mint","English","","","2023-11-02 12:24:06.390000","359","False","False",""
"1","1","Sea Gate Oracle","mm3","Near Mint","English","","","2023-10-17 13:09:48.510000","48","False","False",""
"1","1","Search Party Captain","mid","Near Mint","English","","","2023-11-06 11:03:05.730000","32","False","False",""
"1","1","Searing Spear","j22","Near Mint","English","","","2023-11-02 12:30:58.770000","597","False","False",""
"1","1","Seeker of the Way","ktk","Near Mint","English","","","2023-10-17 13:12:12.327000","22","False","False",""
"1","1","Selesnya Sanctuary","mic","Near Mint","English","","","2023-10-29 13:22:18.483000","180","False","False",""
"1","1","Seraph of Dawn","cmr","Near Mint","English","","","2023-10-17 13:05:40.410000","44","False","False",""
"1","1","Serrated Arrows","ath","Near Mint","English","","","2023-10-29 13:27:54.100000","70","False","False",""
"1","1","Serum Visions","5dn","Near Mint","English","","","2023-10-17 13:15:57.983000","36","False","False",""
"1","1","Settle Beyond Reality","mh1","Near Mint","English","","","2023-11-06 11:54:59.083000","27","False","False",""
"1","1","Shambling Ghast","afr","Near Mint","English","","","2023-11-08 20:12:47.267000","119","False","False",""
"1","1","Shipwreck Dowser","m21","Near Mint","English","","","2023-11-06 11:58:32.093000","71","False","False",""
"1","1","Shire Terrace","ltr","Near Mint","English","","","2023-10-29 12:59:17.837000","261","False","False",""
"1","1","Sickleslicer","2xm","Near Mint","English","","","2023-10-29 13:45:02.563000","287","False","False",""
"1","1","Silver Drake","pls","Near Mint","English","","","2023-11-15 16:24:48.447000","125","False","False",""
"1","1","Silverback Shaman","cmr","Near Mint","English","","","2023-10-29 13:12:03.427000","255","False","False",""
"1","1","Silverquill Campus","stx","Near Mint","English","","","2023-10-29 13:18:29.930000","273","False","False",""
"1","1","Simic Growth Chamber","moc","Near Mint","English","","","2023-10-29 12:58:44.330000","424","False","False",""
"1","1","Skewer the Critics","rna","Near Mint","English","","","2023-10-30 08:39:09.023000","115","False","False",""
"1","1","Skittering Crustacean","cn2","Near Mint","English","","","2023-10-17 13:11:09.617000","36","False","False",""
"1","1","Skophos Reaver","mh2","Near Mint","English","","","2023-10-30 08:48:02.787000","140","False","False",""
"1","1","Skybridge Towers","snc","Near Mint","English","","","2023-11-06 20:43:40.293000","256","False","False",""
"1","1","Skyknight Legionnaire","rav","Near Mint","English","","","2023-10-29 13:28:49.617000","232","False","False",""
"1","1","Skyscanner","m21","Near Mint","English","","","2023-10-29 13:44:23.780000","238","False","False",""
"1","1","Snakeskin Veil","khm","Near Mint","English","","","2023-10-29 13:16:33.663000","194","False","False",""
"1","1","Snap","woc","Near Mint","English","","","2023-11-06 10:57:41.703000","110","False","False",""
"1","1","Soul Manipulation","znc","Near Mint","English","","","2023-10-29 13:13:16.583000","100","False","False",""
"1","1","Spelleater Wolverine","iko","Near Mint","English","","","2023-10-30 08:43:54.040000","137","False","False",""
"1","1","Spellgorger Weird","war","Near Mint","English","","","2023-10-30 08:39:51.173000","145","False","False",""
"1","1","Spike Jester","mm3","Near Mint","English","","","2023-10-29 13:36:24.877000","188","False","False",""
"1","1","Star Compass","ima","Near Mint","English","","","2023-11-08 20:08:29.317000","229","False","False",""
"1","1","Stormfront Pegasus","m11","Near Mint","English","","","2023-10-17 13:14:41.780000","34","False","False",""
"1","1","Striped Riverwinder","hou","Near Mint","English","","","2023-11-06 11:51:51.030000","48","False","False",""
"1","1","Sulfurous Blast","cmd","Near Mint","English","","","2023-11-08 20:05:19.887000","137","False","False",""
"1","1","Sultai Emissary","frf","Near Mint","English","","","2023-10-30 08:32:29.457000","85","False","False",""
"1","1","Sunlance","ddo","Near Mint","English","","","2023-11-06 11:47:06.013000","26","False","False",""
"1","1","Sunlit Marsh","dmu","Near Mint","English","","","2023-10-29 12:53:47.510000","257","False","False",""
"1","1","Suture Priest","moc","Near Mint","English","","","2023-11-15 16:23:45.533000","210","False","False",""
"1","1","Sword Coast Serpent // Capsizing Wave","clb","Near Mint","English","","","2023-11-06 10:50:58.560000","99","False","False",""
"1","1","Sylvok Lifestaff","som","Near Mint","English","","","2023-11-08 20:04:35.683000","209","False","False",""
"1","1","Syndic of Tithes","gtc","Near Mint","English","","","2023-11-06 11:07:26.127000","26","False","False",""
"1","1","Tamiyo's Safekeeping","neo","Near Mint","English","","","2023-11-22 19:24:31.257000","211","False","False",""
"1","1","Tangled Islet","dmu","Near Mint","English","","","2023-11-02 12:28:17.387000","258","False","False",""
"1","1","Terminate","dmc","Near Mint","English","","","2023-10-29 12:55:42.087000","172","False","False",""
"1","1","Thorn of the Black Rose","cmr","Near Mint","English","","","2023-11-02 12:16:40.117000","154","False","False",""
"1","1","Thornweald Archer","tsr","Near Mint","English","","","2023-11-08 20:12:20.683000","240","False","False",""
"1","1","Thraben Inspector","2xm","Near Mint","English","foil","","2023-10-17 13:07:08.720000","35","False","False",""
"1","1","Three Visits","who","Near Mint","English","","","2023-10-29 13:02:52.890000","235","False","False",""
"1","1","Thundering Tanadon","nph","Near Mint","English","","","2023-11-02 12:14:00.487000","122","False","False",""
"1","1","Titanic Brawl","rna","Near Mint","English","","","2023-10-29 13:43:42.567000","146","False","False",""
"1","1","Tithe Drinker","dgm","Near Mint","English","","","2023-10-29 13:32:24.613000","109","False","False",""
"1","1","Tocasia's Dig Site","bro","Near Mint","English","","","2023-11-08 19:44:30.850000","266","False","False",""
"1","1","Tolarian Terror","dmu","Near Mint","English","","","2023-11-08 20:13:48.240000","72","False","False",""
"1","1","Topan Freeblade","ori","Near Mint","English","","","2023-11-06 11:09:09.427000","36","False","False",""
"1","1","Tortured Existence","sth","Near Mint","English","","","2023-11-22 19:23:00.200000","74","False","False",""
"1","1","Tragic Fall","mh2","Near Mint","English","","","2023-10-30 08:47:47.580000","104","False","False",""
"1","1","Tragic Slip","ema","Near Mint","English","","","2023-10-30 08:33:24.790000","109","False","False",""
"1","1","Tramway Station","snc","Near Mint","English","","","2023-11-06 20:46:35.623000","258","False","False",""
"1","1","Travel Preparations","isd","Near Mint","English","","","2023-10-29 13:31:16.273000","206","False","False",""
"1","1","Treasure Cruise","uma","Near Mint","English","","","2023-10-17 13:09:12.790000","79","False","False",""
"1","1","Triplicate Spirits","m15","Near Mint","English","","","2023-11-06 12:02:04.913000","40","False","False",""
"1","1","Troll of Khazad-dûm","ltr","Near Mint","English","","","2023-11-02 12:33:15.387000","111","False","False",""
"1","1","Trumpeting Herd","mh1","Near Mint","English","","","2023-10-29 13:40:35.690000","187","False","False",""
"1","1","Tuskeri Firewalker","khm","Near Mint","English","","","2023-10-30 08:45:57.087000","157","False","False",""
"1","1","Tuskguard Captain","2x2","Near Mint","English","","","2023-10-30 08:59:15.127000","163","False","False",""
"1","1","Ulamog's Crusher","cmm","Near Mint","English","","","2023-10-29 12:59:56.243000","6","False","False",""
"1","1","Unbounded Potential","mh2","Near Mint","English","","","2023-11-06 11:00:49.923000","36","False","False",""
"1","1","Underworld Rage-Hound","thb","Near Mint","English","","","2023-10-30 08:43:06.813000","163","False","False",""
"1","1","Undying Malice","vow","Near Mint","English","","","2023-10-30 08:51:06.603000","134","False","False",""
"1","1","Unearth","mh1","Near Mint","English","","","2023-11-16 17:51:59.693000","113","False","False",""
"1","1","Unmake","eve","Near Mint","English","","","2023-11-15 16:22:42.617000","96","False","False",""
"1","1","Unwilling Ingredient","stx","Near Mint","English","","","2023-11-06 11:00:34.793000","90","False","False",""
"1","1","Urban Daggertooth","mh2","Near Mint","English","","","2023-10-29 13:19:22.223000","181","False","False",""
"1","1","Vampire Sovereign","2x2","Near Mint","English","","","2023-10-30 08:58:09.973000","97","False","False",""
"1","1","Vault Skirge","nph","Near Mint","English","","","2023-11-16 17:49:46.273000","76","False","False",""
"1","1","Village Rites","m21","Near Mint","English","","","2023-10-30 08:44:18.023000","126","False","False",""
"1","1","Vines of Vastwood","zen","Near Mint","English","","","2023-11-08 20:02:34.620000","193","False","False",""
"1","1","Voldaren Epicure","vow","Near Mint","English","","","2023-11-02 12:20:10.023000","182","False","False",""
"1","1","Voracious Typhon","thb","Near Mint","English","","","2023-10-29 13:44:01.100000","203","False","False",""
"1","1","Voracious Vermin","woe","Near Mint","English","","","2023-10-30 09:04:45.773000","116","False","False",""
"1","1","Vulshok Morningstar","dst","Near Mint","English","","","2023-11-02 12:13:41.017000","157","False","False",""
"1","1","Wakedancer","ema","Near Mint","English","","","2023-11-16 17:50:32.370000","116","False","False",""
"1","1","Wall of Roots","ima","Near Mint","English","","","2023-10-30 08:36:22.173000","190","False","False",""
"1","1","War Flare","frf","Near Mint","English","","","2023-10-29 13:35:33.787000","158","False","False",""
"1","1","Warden of Evos Isle","m20","Near Mint","English","","","2023-11-06 11:56:09.933000","79","False","False",""
"1","1","Wary Thespian","mom","Near Mint","English","","","2023-10-30 09:03:01.520000","215","False","False",""
"1","1","Watcher in the Mist","grn","Near Mint","English","","","2023-11-06 11:52:47.840000","59","False","False",""
"1","1","Waterfront District","snc","Near Mint","English","","","2023-11-06 20:47:54.880000","259","False","False",""
"1","1","Wavesifter","mh2","Near Mint","English","","","2023-10-29 13:20:46.303000","217","False","False",""
"1","1","Wayfarer's Bauble","who","Near Mint","English","","","2023-10-29 13:10:12.943000","256","False","False",""
"1","1","Weakstone's Subjugation","bro","Near Mint","English","","","2023-11-06 10:52:23.793000","72","False","False",""
"1","1","Werebear","dmr","Near Mint","English","","","2023-10-30 09:01:26.920000","182","False","False",""
"1","1","Wildfire Elemental","j22","Near Mint","English","","","2023-10-30 09:00:20.387000","624","False","False",""
"1","1","Winding Way","mh1","Near Mint","English","","","2023-10-29 13:40:55.397000","193","False","False",""
"1","1","Winter Eladrin","clb","Near Mint","English","","","2023-11-06 10:51:18.727000","104","False","False",""
"1","1","Witching Well","eld","Near Mint","English","","","2023-11-08 19:46:04.073000","74","False","False",""
"1","1","Witherbloom Campus","stx","Near Mint","English","","","2023-10-29 13:17:49.210000","275","False","False",""
"1","1","Witness Protection","snc","Near Mint","German","","","2023-11-06 21:05:58.123000","66","False","False","0.11"
"1","1","Witty Roastmaster","snc","Near Mint","English","","","2023-11-02 12:20:56.387000","131","False","False",""
"1","1","Wojek Halberdiers","gtc","Near Mint","English","","","2023-10-29 13:32:04.913000","208","False","False",""
"1","1","Wooded Ridgeline","dmu","Near Mint","English","","","2023-10-29 12:54:02.703000","260","False","False",""
"1","1","Wrangle","aer","Near Mint","English","","","2023-10-30 08:34:28.460000","101","False","False",""
"1","1","Wrenn's Resolve","mom","Near Mint","English","","","2023-11-02 12:32:40.577000","173","False","False",""
"1","1","Yavimaya Elder","mh2","Near Mint","English","","","2023-10-30 09:09:52.890000","288","False","False",""
"1","1","Yavimaya Steelcrusher","dmu","Near Mint","English","","","2023-10-30 08:59:33.557000","152","False","False",""
"1","1","You Hear Something on Watch","afr","Near Mint","English","","","2023-11-06 11:02:18.520000","42","False","False",""
"1","1","You Meet in a Tavern","clb","Near Mint","English","","","2023-10-29 13:45:27.833000","263","False","False",""
"1","1","Young Blue Dragon // Sand Augury","clb","Near Mint","English","","","2023-11-06 10:51:38.950000","106","False","False",""
"1","1","Zephyr Winder","mom","Near Mint","English","","","2023-11-06 10:55:00.117000","328","False","False",""
